algorithm,model,n_features,seconds,r2,rmse,mae
shared,baseline,0,0.0,-0.0012988081427653952,15.64237341753327,12.76606653996258
xgboost,audio_only,23,4.6,0.06712609103485179,15.098446796883314,12.120772976871757
xgboost,lyric_only,1,0.3,0.006692070957651564,15.579831298432918,12.687950042741639
xgboost,control,24,3.2,0.06825043939296971,15.089345335339413,12.109018403517247
xgboost,alignment_augmented,25,3.2,0.06783130544012128,15.092738814736881,12.114382715610674
random_forest,audio_only,23,31.9,0.06191997021897222,15.140518386024592,12.168693638314014
random_forest,lyric_only,1,14.6,-0.03700464664978731,15.918830218517503,12.915772578276409
random_forest,control,24,34.1,0.06230961298849036,15.13737366166646,12.165609995057004
random_forest,alignment_augmented,25,35.0,0.06257501238350505,15.135231305203313,12.159553280989407
