genre,n,mean_popularity,xgboost_control_r2,xgboost_control_rmse,xgboost_control_mae,xgboost_alignment_augmented_r2,xgboost_alignment_augmented_rmse,xgboost_alignment_augmented_mae,xgboost_delta_r2,xgboost_delta_rmse,xgboost_delta_mae,random_forest_control_r2,random_forest_control_rmse,random_forest_control_mae,random_forest_alignment_augmented_r2,random_forest_alignment_augmented_rmse,random_forest_alignment_augmented_mae,random_forest_delta_r2,random_forest_delta_rmse,random_forest_delta_mae
Hip-Hop,2694,26.323682256867112,-0.10037204073663664,16.62120183779129,13.545270537861917,-0.0971544481544151,16.596883059067817,13.533652835931699,0.00321759258222154,-0.024318778723472434,-0.01161770193021816,-0.10472019425125212,16.654009051822527,13.602442164938605,-0.10234515499913988,16.63609718257722,13.601870313208158,0.002375039252112243,-0.017911869245306633,-0.0005718517304469373
Jazz,670,27.46268656716418,0.07441995326881656,15.764880564987472,13.541315718656717,0.07587296425495593,15.752501548341126,13.5514308819403,0.0014530109861393692,-0.012379016646345775,0.010115163283582973,0.05982603668366693,15.88867943609752,13.65010813241268,0.06110424090613453,15.877875114051339,13.636811656898667,0.001278204222467605,-0.01080432204618198,-0.013296475514012585
Electronic,5329,24.425971101519984,0.06483502049782242,14.969490565421516,12.215392442015387,0.06550332143566051,14.964140754016773,12.209383480484144,0.0006683009378380955,-0.005349811404743221,-0.0060089615312435285,0.06426602757884459,14.974043900452438,12.215575076729575,0.06511233004229611,14.967270908735525,12.206397925185975,0.0008463024634515204,-0.006772991716912813,-0.009177151543600104
R&B,1847,25.932864103952355,0.03706547932242987,16.17579371381766,13.12136749593936,0.03763804603489507,16.170983886146264,13.118430221169463,0.0005725667124651945,-0.004809827671397926,-0.0029372747698968027,0.02821344394956793,16.249973797617653,13.212686314663628,0.02833191983462202,16.24898320524002,13.198273846745655,0.00011847588505409234,-0.0009905923776329928,-0.014412467917972904
Rock,14704,23.29202937976061,0.07808790644164809,14.152040937828172,11.07195826226877,0.07724936060210696,14.158475628214656,11.078671071402342,-0.0008385458395411272,0.006434690386484476,0.006712809133571085,0.07642694775611436,14.164783680685868,11.095809786791461,0.07598745945955843,14.16815348247341,11.09417978597881,-0.00043948829655593435,0.0033698017875423147,-0.001630000812651744
Pop,4351,25.905079292116756,0.11439915904735587,17.063271334798895,13.90221798915192,0.11338168413899519,17.07307059526442,13.913365715513674,-0.0010174749083606827,0.009799260465523929,0.011147726361754096,0.10585269808117681,17.14540790802772,13.986603691904817,0.10597685376029975,17.14421751486896,13.977955113206074,0.00012415567912293923,-0.0011903931587617933,-0.008648578698743137
Classical,714,25.591036414565828,0.12064383499058651,17.53538269171821,14.22530949859944,0.1195799062230194,17.545987472339473,14.23288995140056,-0.0010639287675671127,0.010604780621264354,0.0075804528011200745,0.11235105677410162,17.61787247983135,14.272174698992908,0.11093181755177639,17.631951237686916,14.278154078885375,-0.0014192392223252304,0.014078757855564561,0.005979379892467662
Country,3003,23.18914418914419,0.06752303839613372,15.180484936254793,12.34871312071262,0.0663823868723259,15.1897668552125,12.360218549284049,-0.001140651523807823,0.009281918957707802,0.011505428571428666,0.048192119472622585,15.33702897273956,12.55225513345736,0.04879079643540274,15.332204800551626,12.531654857443279,0.0005986769627801536,-0.004824172187934295,-0.020600276014080876
Folk,3470,21.65792507204611,-0.001280091898311353,14.105894935230081,11.612874672478387,-0.0025973194444433023,14.115170345086401,11.619362578559079,-0.0013172275461319494,0.009275409856320138,0.006487906080691275,-0.009915833075154756,14.166593900048031,11.664809216690868,-0.009756665887691085,14.165477497233061,11.663370651874716,0.0001591671874636713,-0.0011164028149703853,-0.0014385648161514553
Blues,850,19.342352941176472,-0.040840361080549226,13.991530980722978,11.723049087647059,-0.04883583463030372,14.045167880320605,11.786757818823531,-0.007995473549754495,0.05363689959762752,0.06370873117647236,-0.06581929556886013,14.158425675153136,11.946952746609682,-0.06275003779523902,14.138024848992702,11.926047430834682,0.0030692577736211035,-0.020400826160434704,-0.020905315774999877
