seed,model,seconds,r2,rmse,mae
42,control,2.5,0.06825043939296971,15.089345335339413,12.109018403517247
42,alignment_augmented,2.5,0.06783130544012128,15.092738814736881,12.114382715610674
42,DELTA,0.0,-0.00041913395284842725,0.0033934793974683686,0.005364312093426804
7,control,2.1,0.06713989845208579,15.098335060814858,12.118417600486554
7,alignment_augmented,2.9,0.06771936840757442,15.093644973509935,12.116125523081037
7,DELTA,0.0,0.0005794699554886318,-0.004690087304922486,-0.00229207740551729
1337,control,2.5,0.06810908374705837,15.090489893574059,12.110663192498745
1337,alignment_augmented,3.5,0.06705281794246687,15.099039743128948,12.115485027077652
1337,DELTA,0.0,-0.0010562658045915052,0.008549849554889022,0.004821834578907058
2024,control,2.4,0.066792509746189,15.101146041187638,12.12010825370901
2024,alignment_augmented,2.5,0.06775102889011853,15.093388679361881,12.11467653552235
2024,DELTA,0.0,0.000958519143929526,-0.007757361825756703,-0.005431718186660106
99,control,3.5,0.06778369931700001,15.093124205070781,12.108479375881302
99,alignment_augmented,2.0,0.066941330028785,15.099941889672834,12.122252115992461
99,DELTA,0.0,-0.0008423692882150169,0.00681768460205312,0.013772740111159365
