algorithm,max_depth,learning_rate,best_iteration,val_rmse,seconds,n_estimators,min_samples_leaf
xgboost,4.0,0.05,549.0,14.640774423516984,2.5,,
xgboost,6.0,0.05,230.0,14.642482547924592,1.4,,
xgboost,8.0,0.01,570.0,14.647575123567622,4.6,,
xgboost,6.0,0.01,998.0,14.647684173006773,4.8,,
xgboost,4.0,0.1,269.0,14.65258270757806,1.3,,
xgboost,6.0,0.1,115.0,14.658533649205902,0.9,,
xgboost,8.0,0.05,195.0,14.662840029815154,2.4,,
xgboost,4.0,0.01,999.0,14.684910119003556,4.2,,
xgboost,8.0,0.1,21.0,14.690251884281798,0.7,,
random_forest,,,,14.71267586474953,34.0,500.0,5.0
random_forest,,,,14.728379439960277,14.9,200.0,5.0
random_forest,,,,14.736684492971962,56.0,500.0,1.0
random_forest,,,,14.757471889974308,19.6,200.0,1.0
